WorkerId, name
1, محمد علاء عبد
2, أحمد محمد على
3, عمرو عادل محمد
4, علي محمد صالح
5, محمد عبد الرحمن حسن
6, أحمد عبد العزيز محمد
7, محمود علي عبد الله
8, مصطفى عبد الرحيم علي
9, عمر محمد حسني
10, محمد عبد العظيم علي
11, حسن محمد سالم
12, أحمد محمد رمضان
13, محمد عثمان عبد الحميد
14, محمد فتحي محمد
15, أحمد محمد السيد
16, عمرو محمد محمود
17, علي عبد الوهاب علي
18, محمد محمد ناصر
19, محمد عبد الفتاح محمود
20, أحمد محمد مصطفى
21, عمر محمد محمد
22, محمد علي عبد الفتاح
23, عبد الحميد محمد صلاح
24, حسن محمد عيسي
25, محمد محمد حسني
26, أحمد محمد طه
27, علي محمد حسين
28, محمد علي عليوة
29, عمرو محمد عبد الرحيم
30, محمد محمود رجب
31, محمد عبد الحليم محمد
32, أحمد عبد الرحمن محمد
33, عمر علي علي
34, علي محمد عبد الرحيم
35, محمد حسن محمد
36, محمد عبد الرحمن علي
37, حسن محمد محمود
38, محمد عبد المنعم على
39, محمد علي عبد الرحيم
40, أحمد محمد عبد العال
41, عمرو محمد سيد
42, علي عبد الرحمن حسن
43, محمد حسين محمد
44, علي محمد عبد الله
45, محمد عبد الرحمن محمد
46, محمود محمد حسن
47, محمد عبد الحكيم محمد
48, أحمد محمد عبد الحميد
49, عمر محمد علي
50, محمد علي محمد
51, محمد عبد العزيز حسن
52, أحمد محمد حجازي
53, علي محمد عبد الحفيظ
54, محمد عبد الرحمن طه
55, حسن محمد عبد السلام
56, محمد عبد الرحيم على
57, عمرو محمد حسن
58, محمد محمد أحمد
59, علي محمد عبد العظيم
60, محمد عبد العال محمد
61, أحمد محمد محمود
62, عمر محمد أحمد
63, محمد حسني محمد
64, علي محمد عبد الحليم
65, محمد علي عبد السلام
66, محمد عبد الحميد عبد الله
67, حسن محمد حسن
68, محمد عبد الحميد عبد الله
69, عمرو محمد عبد الحليم
70, محمد عبد الرحمن حسني
71, محمد عبد الحفيظ محمد
72, أحمد محمد عبد الجواد
73, علي عبد الرحمن محمد
74, محمد ناصر محمد
75, عمر محمد عبد الحميد
76, محمد علاء الدين محمد
77, محمد عبد الرحمن عبد الحميد
78, أحمد محمد عبد الوهاب
79, عمرو محمد نصر
80, علي محمد محمود
81, محمد عبد الرحمن عثمان
82, محمد السيد محمد
83, أحمد محمد الشربيني
84, عمر محمد عبد الرحمن
85, محمد عمر محمد
86, علي عبد الرحمن على
87, محمد عبد الغفار محمد
88, محمد عبد الحميد محمد
89, حسن محمد علي
90, أحمد محمد عبد الفتاح
91, علي محمد عبد الرحمن
92, محمد عبد الرحمن عبد العال
93, محمد عبد الرحمن علي
94, عمرو محمد محمد
95, محمد عبد العليم محمد
96, علي عبد الرحيم محمد
97, محمد عبد الرحمن طاهر
98, محمد عبد الستار محمد
99, أحمد محمد عبد الرازق
100, عمر محمد عليوة
101, عبد الرحمن محمد عثمان
102, محمد عبد الله محمود
103, أحمد محمد السيد
104, علي محمد عليوة
105, محمد عبد الحليم محمد
106, عمرو محمد عبد العظيم
107, حسن محمد حسين
108, محمد علي محمد
109, علي عبد الله محمد
110, محمد علي عبد الرحمن
111, أحمد محمد عبد الحكيم
112, عمر محمد حسن
113, محمد علي عبد السلام
114, حسن محمد علي
115, محمد عبد الرحمن حسني
116, علي عبد العظيم محمد
117, محمد عبد العزيز محمد
118, أحمد عبد الرحمن عبد الرحيم
119, عمرو محمد عبد الرازق
120, عبد الحميد محمد علي
121, محمد عبد الفتاح محمد
122, علي محمد عبد الحميد
123, محمد علي عبد الحفيظ
124, حسن محمد عبد الرحمن
125, محمد عثمان محمد
126, عمر محمد عثمان
127, محمود محمد رمضان
128, محمد علي محمد علي
129, علي محمد حسني
130, محمد عبد الرحمن عبد الوهاب
131, أحمد محمد عبد الرحمن
132, عمرو محمد حامد
133, محمد محمد عبد الحميد
134, علي محمد ناصر
135, محمد عبد الحفيظ عبد الله
136, عمر محمد علي عليوة
137, محمد علي حسني
138, أحمد محمد عبد الغني
139, علي محمد عبد الرحمن حسين
140, محمد علي عبد الرحمن العقاد
141, حسن محمد عبد العزيز
142, محمد عبد الله حسن
143, أحمد محمد عبد الحفيظ
144, عمر محمد عبد الغني
145, محمد عبد الحميد صلاح
146, علي محمد عبد الرحمن عثمان
147, محمد عبد الرحمن عبد الحميد
148, عمرو محمد عبد العزيز
149, حسن محمد محمد علي
150, محمد عبد الحميد عبد الفتاح
151, علي محمد عبد الرحمن علي
152, محمد عبد العظيم محمد علي
153, أحمد محمد عبد السلام
154, عمر محمد حسني
155, محمد حسن محمد عبد الله
156, علي محمد ناصر علي
157, محمد عبد الوهاب محمد
158, عمرو محمد عبد الحكيم
159, محمد عبد الرازق محمد
160, حسن محمد علي عبد الله
161, محمد علي عبد الرحيم عبد الرحمن
162, علي محمد عبد الحميد عبد الغني
163, محمد علي حسني
164, أحمد محمد محمود عبد الحميد
165, عمر محمد عبد الحميد علي
166, محمد عبد الرحمن حسني على
167, علي محمد عبد الرحمن عبد الحفيظ
168, محمد عبد الحميد حسن
169, عمرو محمد عبد الحليم على
170, حسن محمد محمد عثمان
171, محمد عبد الرحمن محمد عبد الحميد
172, علي محمد عبد الله محمد
173, محمد عبد الرحمن عثمان حسن
174, عمر محمد عبد الحفيظ
175, محمد علي محمد عبد الله
176, علي محمد عبد الحليم حسن
177, محمد عبد الرحمن عبد الرحيم
178, أحمد محمد عبد الحميد عثمان
179, عمرو محمد عليوة
180, محمد علي محمد حسن
181, علي محمد علي حسني
182, محمد عبد الحميد عبد الرحمن حسن
183, حسن محمد عبد الرحمن عثمان
184, محمد عبد الغني محمد
185, عمر محمد عبد السلام
186, محمد عبد الرحمن عليوة
187, علي محمد حسني عبد الله
188, محمد علي عثمان حسن
189, أحمد محمد عبد الرحمن عثمان
190, عمرو محمد عبد الرحمن حسن
191, محمد عبد الحميد عثمان حسن
192, علي محمد علي عبد الرحمن
193, محمد عبد الرحمن عبد السلام
194, حسن محمد علي عبد الله
195, محمد علي عبد الحكيم
196, علي محمد عبد الحميد محمد
197, محمد عبد الرحمن علي عبد الغني
198, عمر محمد عبد الرحمن عثمان
199, محمد عبد الحميد محمد حسن
200, أحمد محمد عبد الرحمن حسين
201, علي محمد عبد العزيز عبد الله
202, محمد عبد الرحمن عبد الحفيظ
203, علي محمد عبد الرحيم علي
204, محمد علي عبد السلام محمد
205, عمر محمد حسني عبد الله
206, محمد عبد الحميد عثمان علي
207, حسن محمد عبد الله حمزة
208, محمد عبد الرحمن عبد الغني
209, علي محمد عبد الرحمن عبد الرحيم
210, محمد عبد الرحمن عبد الرازق
211, أحمد محمد عبد الرحمن علي
212, عمرو محمد عبد الرحمن عبد الحليم
213, محمد عبد الرحيم محمد حسن
214, علي محمد عثمان حسني
215, محمد علي حسني عبد الله
216, علي محمد عبد الحميد حسن
217, محمد عمر عبد الرحيم
218, حسن محمد عبد الحميد عثمان
219, محمد عبد الرحمن عبد الحليم حسن
220, عمر محمد عبد الرحمن حمزة
221, محمد عبد الحميد عبد العليم
222, علي محمد عبد الرحمان الحسيني
223, محمد علي عبد الغني محمد
224, أحمد محمد عبد الرحمن حسني
225, عمرو محمد عبد الرحمن عبد الواحد
226, محمد عبد الرحمن عبد الرحيم عثمان
227, علي محمد عبد الحميد عثمان حسن
228, محمد عبد الحميد حسني عبد الرحيم
229, حسن محمد عبد الرحمن عليوة
230, محمد علي عبد الرحيم محمد
231, عمر محمد عبد الحميد عثمان
232, محمد عبد الحميد علي حسن
233, علي محمد حسني عبد العزيز
234, محمد عبد العظيم عبد الرحمن
235, عمرو محمد عبد الحكيم حسني
236, محمد عبد الرحمن عثمان عبد الرحيم
237, علي محمد عبد الحافظ عثمان
238, محمد عبد الحميد عثمان حسين
239, حسن محمد عبد السلام على
240, محمد عبد الحميد عبد الحليم عثمان
241, عمر محمد عبد الحميد عليوة
242, محمد عبد الرحمن عبد السلام حسين
243, علي محمد عبد الرحمن عبد الحميد
244, محمد علي عبد الرحمن عليوة
245, أحمد محمد عبد الرحمن حسني عبد الله
246, عمرو محمد عبد الله حمزة
247, محمد عبد الحميد حسني عبد الرحمن
248, علي محمد عثمان علي حمزة
249, محمد عبد الرحيم عبد الرحمن حسن
250, حسن محمد عبد الرحيم عبد الله
251, محمد علي عبد الحكيم عبد الحميد
252, علي محمد عبد الحميد عثمان حامد
253, محمد عبد الحميد عبد الرحيم عبد الغني
254, عمر محمد عبد الرحمن حسين
255, محمد عبد الرحمن عبد الحميد عثمان
256, علي محمد عبد العزيز عبد الحميد
257, محمد علي حسني عبد الرحيم
258, حسن محمد عبد السلام عليوة
259, محمد عبد الرحمن عبد الرحيم عثمان
260, علي محمد عثمان عبد الرحيم
261, محمد عبد الحميد عبد الرحيم عليوة
262, عمرو محمد عبد الله عبد الرحيم
263, محمد عبد الحميد عبد السلام حسن
264, علي محمد عبد الرحمان عثمان
265, محمد علي عبد الرحمن عبد الرحيم
266, حسن محمد عبد الحكيم حسني
267, محمد عبد الرحمن حسني عبد الحميد
268, علي محمد عبد الرحمن حامد
269, محمد عبد الحميد عبد الرحيم حسني
270, عمر محمد عبد الرحمن عبد الحميد
271, محمد عبد الحميد عبد الرحيم عبد الله
272, علي محمد عثمان حسني عبد الحميد
273, محمد عبد الحكيم علي حسن
274, حسن محمد عبد الرحمن عبد الحميد
275, محمد عبد الرحيم حسني عبد الله
276, علي محمد عبد الحميد عبد السلام
277, محمد علي عبد الحميد عبد الرحيم
278, عمرو محمد عبد الحميد عثمان حسن
279, محمد عبد الحميد عثمان عبد الحميد
280, علي محمد عبد الرحمن حسني
281, محمد عبد الرحمان عليوة عبد الحميد
282, عمر محمد عبد الرحمن عثمان
283, محمد عبد الحميد حسني حمد
284, علي محمد حسني عبد الرحيم
285, محمد عبد الحكيم عبد الحميد عثمان
286, حسن محمد عبد الرحمن عبد الرحيم
287, محمد عبد الرحيم عثمان حسني
288, علي محمد عبد الرحمن حسني
289, محمد عبد الرحيم عثمان عبد الحميد
290, عمر محمد عبد الرحيم عبد الحميد
291, محمد عبد الحميد حسني عبد الرازق
292, علي محمد عبد الحميد عثمان عبد الرحيم
293, محمد علي عبد الحميد حسني
294, حسن محمد عبد الرحيم حمد
295, محمد عبد الحميد عبد الرحيم حسن
296, علي محمد عبد الرحمن عبد الغني
297, محمد عبد الحميد عثمان حمزة
298, عمر محمد عبد الرحيم عبد العزيز
299, محمد عبد العظيم عبد الحميد
300, علي محمد عبد الرحمن عبد الله
301, محمد عبد الحكيم عثمان عبد الحميد
302, حسن محمد عبد الرحمن حسين
303, محمد عبد الحميد عبد الغني عبد الرحيم
304, علي محمد حسني عبد الرحيم
305, محمد عبد الرحيم حمزة عبد الرحمن
306, عمر محمد عبد الرحمن عبد الرحيم
307, محمد عبد الرحيم عثمان حسني عبد الحميد
308, علي محمد عبد الحميد عبد الرحيم عثمان
309, محمد عبد الرحمن عبد الرحيم حسني
310, حسن محمد عبد الحميد عبد الرحمان
311, محمد عبد الحميد حسني عبد الرحمن عثمان
312, علي محمد عبد الرحمن حسني عبد الله
313, محمد عبد الحكيم عبد الحميد حسني
314, حسن محمد عبد الرحمان حمزة
315, محمد عبد الحميد عبد الرحمن حسني
316, علي محمد عبد العظيم عبد الحميد
317, محمد عبد الحميد عثمان عبد الحافظ
318, عمر محمد عبد الرحيم حمزة
319, محمد عبد الرحمن عبد الرحيم عبد الله
320, علي محمد عبد الحكيم عبد الرحمان
321, محمد عبد الحميد حسني عبد الرحيم عثمان
322, حسن محمد عبد الحميد عبد الرحمن عبد الحميد
323, محمد عبد الرحمن حسني عبد الرحيم
324, عمر محمد عبد الرحمن عبد الغني
325, محمد عبد الحميد حمزة عبد الرحمان
326, علي محمد عبد الرحمن عثمان حسني
327, محمد عبد الحميد عبد الحافظ حسني
328, حسن محمد عبد الرحمن عثمان
329, محمد عبد الحميد حسني عبد الرحيم عبد الله
330, علي محمد عبد الحميد حسني
331, محمد عبد الرحيم حسني عبد الرحيم عثمان
332, عمر محمد عبد الرحمن حمد
333, محمد عبد الحميد عثمان حمد
334, حسن محمد عبد الرحيم حسني
335, محمد عبد الرحيم عثمان عبد الحميد عبد الله
336, علي محمد حمد عبد الحميد
337, محمد عبد الحميد حسني حمزة
338, حسن محمد عبد الرحيم حمد
339, محمد عبد العظيم عبد الحميد
340, علي محمد عبد الحميد حمد
341, محمد عبد الحميد حسني عبد الحميد عبد الرحمن
342, حسن محمد عبد الرحمن حمد
343, محمد عبد الحميد عثمان عبد الحميد عثمان
344, علي محمد عبد الرحيم حمد
345, محمد عبد الرحيم حمزة عبد الرحمان
346, حسن محمد عبد الحميد عثمان
347, محمد عبد الحميد عبد الرحمن حمزة
348, عمر محمد عبد الرحيم حمد
349, محمد عبد الحميد عثمان حسني عبد الحميد
350, علي محمد عبد الحميد حسني عبد الحميد
351, محمد عبد الحميد عبد الرحيم عبد الله
352, حسن محمد عبد الرحمن حمزة
353, محمد عبد الحميد حسني عبد الرحمن عثمان
354, عمر محمد عبد الرحمن عبد الحميد
355, محمد عبد الحكيم عبد الحميد عثمان
356, علي محمد عبد الرحمن عبد الحميد حمد
357, محمد عبد الحميد حمزة حسني
358, حسن محمد عبد الرحمن عبد الحميد عثمان
359, محمد عبد الحميد عبد الرحمن حمد
360, عمر محمد عبد الرحيم عثمان
361, محمد عبد الحميد عثمان حمد
362, علي محمد عبد الحميد حمزة
363, محمد عبد الحميد حسني عبد الرحيم عثمان
364, حسن محمد عبد الرحمن عبد الحميد حمد
365, محمد عبد الحميد عثمان عبد الرحيم
366, عمر محمد عبد الرحيم عثمان
367, محمد عبد الحميد عثمان حمد
368, علي محمد عبد الرحمن حسني عثمان
369, محمد عبد الحميد حسني عبد الرحمن عثمان
370, حسن محمد عبد الرحمن حمزة
371, محمد عبد الحكيم عبد الرحمن حمد
372, عمر محمد عبد الحميد عثمان
373, محمد عبد الحميد عبد الحميد حسني
374, علي محمد عبد الرحمن حسني عبد الحميد
375, محمد عبد الحميد حمزة عبد الله
376, حسن محمد عبد الرحمن حمد عبد الحميد
377, محمد عبد الحميد عثمان عبد الرحيم حمد
378, عمر محمد عبد الحميد حسني
379, محمد عبد الحميد عبد الرحيم حمد
380, علي محمد عبد الله عبد الحميد
381, محمد عبد الحميد حمزة حمزة
382, حسن محمد عبد الرحيم عبد الحميد
383, محمد عبد الحميد عثمان حمد عبد الرحمن
384, عمر محمد عبد الرحيم عبد الرحمن
385, محمد عبد الحميد حسني حمد
386, علي محمد عبد الرحمن عبد الرحيم حمد
387, محمد عبد الحميد عثمان حسني عبد الرحيم
388, حسن محمد عبد الرحمن عبد الرحيم حسني
389, محمد عبد الحميد حمزة حمد
390, عمر محمد عبد الحميد حمد
391, محمد عبد الحميد عثمان عبد الرحمن حمد
392, علي محمد عبد الرحمن حسني حمد
393, محمد عبد الحميد حمزة عبد الحميد
394, حسن محمد عبد الرحيم عبد الحميد حمد
395, محمد عبد الحميد حسني عبد الحميد
396, عمر محمد عبد الرحيم حمد عبد الرحمن
397, محمد عبد الحميد عثمان حمد عبد الله
398, علي محمد عبد الرحمن حمد عبد الحميد
399, محمد عبد الحميد حسني حمزة
400, حسن محمد عبد الرحيم حمد عبد الرحيم
401, محمد عبد الحميد عثمان حمد عبد الحكيم
402, عمر محمد عبد الرحمن حمد حمد
403, محمد عبد الحميد حمزة عبد الرحمن
404, علي محمد عبد الرحمن حمد عبد الرحيم
405, محمد عبد الحميد حسني عبد الرحيم
406, حسن محمد عبد الرحمن عثمان عبد الحميد
407, محمد عبد الحميد حمد عبد الرحمن حسني
408, عمر محمد عبد الحميد عبد الرحمن حمد
409, محمد عبد الحميد عثمان حمزة
410, علي محمد عبد الرحمن حمد عبد الرحمن
411, محمد عبد الحميد حسني عبد الحميد حسني
412, حسن محمد عبد الرحمن حمد عبد الرحيم
413, محمد عبد الحميد عثمان حسني حمد
414, عمر محمد عبد الرحمن حمزة عبد الحميد
415, محمد عبد الحميد حمد عبد الرحيم حمزة
416, علي محمد عبد الرحمن حمد عبد الرحميد
417, محمد عبد الحميد حسني عثمان عبد الرحيم
418, حسن محمد عبد الرحمن حمد عبد الحميد حسني
419, محمد عبد الحميد عثمان حمزة عبد الرحمن
420, عمر محمد عبد الحميد حمد عبد الرحيم
421, محمد عبد الحميد حسني حمد عبد الرحميد
422, علي محمد عبد الرحمن حمد عبد الرحمن عثمان
423, محمد عبد الحميد حمزة حسني
424, حسن محمد عبد الرحمن عبد الحميد حمد
425, محمد عبد الحميد عثمان حمد عبد الرحمن حسني
426, عمر محمد عبد الحميد عثمان عبد الرحمن
427, محمد عبد الحميد حمد عبد الحميد حمد
428, علي محمد عبد الرحمن حمزة عبد الرحمن
429, محمد عبد الحميد حسني عبد الحميد حمد
430, حسن محمد عبد الرحمن حمد عبد الحميد عثمان
431, محمد عبد الحميد عثمان حمزة حمد
432, عمر محمد عبد الرحمن عبد الرحمن حمد
433, محمد عبد الحميد حمزة عبد الرحميد حمد
434, علي محمد عبد الرحمن حمد عبد الرحميد حسني
435, محمد عبد الحميد حسني عبد الرحيم حمد
436, حسن محمد عبد الرحمن حمد عبد الرحمن حمد
437, محمد عبد الحميد عثمان حسني عبد الحميد
438, عمر محمد عبد الحميد حمد عبد الرحميد
439, محمد عبد الحميد حمزة عثمان
440, علي عمر عبد الرحمن حمد
441, محمد عبد الحميد حسني عثمان عبد الرحميد
442, حسن محمد عبد الرحمن حمد عبد الرحميد حمد
443, محمد عبد الحميد عثمان حمد عبد الرحمن عثمان
444, عمر محمد عبد الحميد حمزة حمد
445, محمد عبد الحميد حسني عبد الحميد عثمان
446, علي محمد عبد الرحمن حمد عبد الرحميد عثمان
447, محمد عبد الحميد عثمان عبد الرحميد حمزة
448, حسن محمد عبد الرحمن حمد عبد الرحيم حمد
449, محمد عبد الحميد حمزة عبد الرحمن حمزة
450, عمر محمد عبد الحميد حمد عبد الحميد حسني
451, محمد عبد الحميد عثمان حمد عبد الرحميد حمد
452, علي محمد عبد الرحمن حمد عبد الرحميد حمزة
453, محمد عبد الحميد حسني عبد الرحيم حسني
454, حسن محمد عبد الرحمن حمد عبد الرحميد عثمان
455, محمد عبد الحميد عثمان حسني عبد الرحيم
456, عمر محمد عبد الرحمن حمد عثمان
457, محمد عبد الحميد حمزة عبد الرحمن حمد عبد الرحمن
458, علي محمد عبد الرحمن حمد عبد الرحيم حمد
459, محمد عبد الحميد حسني عثمان عبد الرحيم
460, حسن محمد عبد الرحمن حمد عبد الرحيم عبد الرحمن
461, محمد عبد الحميد عثمان حمد عبد الرحيم حسني
462, عمر محمد عبد الحميد حمد حمد عبد الرحمن
463, محمد عبد الحميد حمزة عثمان حمد
464, علي محمد عبد الرحمن حمد عبد الرحيم حمزة
465, محمد عبد الحميد حسني عبد الرحميد عبد الرحمن
466, حسن محمد عبد الرحمن حمد عثمان حمد
467, محمد عبد الحميد عثمان حمد عبد الرحيم عبد الرحمن
468, عمر محمد عبد الحميد حمد حمد عثمان
469, محمد عبد الحميد حمزة عبد الرحيم حمد
470, علي محمد عبد الرحمن حمد عبد الرحيم حمزة
471, محمد عبد الحميد حسني عبد الرحمان حمد
472, حسن محمد عبد الرحمن حمد عبد الرحيم عثمان
473, محمد عبد الحميد عثمان حمد حمد عثمان
474, عمر محمد عبد الحميد حمزة عبد الرحمان
475, محمد عبد الحميد حمد عثمان حمد عبد الحميد
476, علي محمد عبد الرحمن حمد حمد عثمان
477, محمد عبد الحميد حسني عبد الرحيم حمد
478, حسن محمد عبد الرحمن حمد عبد الرحيم حمزة
479, محمد عبد الحميد عثمان حمد عبد الرحمان
480, عمر محمد عبد الحميد حمد عبد الرحميد حمد
481, محمد عبد الحميد حمزة عبد الرحيم حمد
482, علي محمد عبد الرحمن حمد عثمان حمد
483, محمد عبد الحميد حسني عبد الرحميد حمد
484, حسن محمد عبد الرحمن حمد عثمان عبد الرحميد
485, محمد عبد الحميد عثمان حمد عبد الرحمان حمد
486, عمر محمد عبد الحميد حمزة حمد عبد الحميد
487, محمد عبد الحميد حمد عثمان حمد عبد الحمد
488, علي محمد عبد الرحمن حمد عبد الرحميد عثمان
489, محمد عبد الحميد حسني عبد الرحمان حمد
490, حسن محمد عبد الرحمن حمد عثمان حمد عبد الرحمان
491, محمد عبد الحميد عثمان حمد حمد عبد الرحيم
492, عمر محمد عبد الحميد حمد عبد الرحميد عثمان
493, محمد عبد الحميد حمزة عثمان حمد حمد
494, علي محمد عبد الرحمن حمد حمد عثمان عبد الرحيم
495, محمد عبد الحميد حسني عبد الرحيم حمد
496, حسن محمد عبد الرحمن حمد عبد الرحيم حمد عبد الرحيم
497, محمد عبد الحميد عثمان حمد عبد الرحيم حمد
498, عمر محمد عبد الحميد حمد عبد الرحمان حمد
499, محمد عبد الحميد حمزة عبد الرحمان حمد
500, علي محمد عبد الرحمن حمد عثمان حمد عبد الحميد
501, محمد عبد الحميد حسني عبد الرحميد حمد عبد الرحمان
502, حسن محمد عبد الرحمن حمد عبد الرحميد حمزة
503, محمد عبد الحميد عثمان حمد عثمان عبد الرحيم
504, عبد الرحمن محمد عثمان حمد
505, عمر محمد عبد الحميد حمد عثمان عبد الرحيم
506, محمد عبد الحميد حمد حمد عبد الرحمن
507, حسن محمد عبد الرحمن حمد عبد الرحميد حمد
508, محمد عبد الحميد عثمان حمد عبد الرحيم حمد
509, علي محمد عبد الرحمن حمد عثمان عبد الرحمن
510, محمد عبد الحميد حمزة عبد الرحميد حمد
511, حسن محمد عبد الرحمن حمد عثمان حمد عثمان
512, محمد عبد الحميد عثمان حمد حمد عثمان
513, عمر محمد عبد الحميد حمد عبد الرحميد حمد
514, محمد عبد الحميد حمد عبد الرحيم حمد عبد الرحميد
515, علي محمد عبد الرحمن حمد حمد عثمان حمد
516, محمد عبد الحميد حسني عبد الرحميد حمزة
517, حسن محمد عبد الرحمن حمد عبد الرحميد عثمان
518, محمد عبد الحميد عثمان حمد عبد الرحيم حمد
519, عمر محمد عبد الحميد حمد عثمان حمد عثمان
520, محمد عبد الحميد حمزة حمد عبد الرحميد
521, علي محمد عبد الرحمن حمد حمد عثمان عبد الرحمن
522, محمد عبد الحميد حسني عبد الرحميد عثمان
523, حسن محمد عبد الرحمن حمد عثمان حمد عبد الرحمان
524, محمد عبد الحميد عثمان حمد حمد عبد الرحيم
525, عمر محمد عبد الحميد حمد عبد الرحميد عثمان
526, محمد عبد الحميد حمد عثمان حمد عبد الرحميد
527, علي محمد عبد الرحمن حمد عثمان عبد الرحيم
528, محمد عبد الحميد حسني عبد الرحميد حمد عثمان
529, حسن محمد عبد الرحمن حمد عبد الرحميد حمد عثمان
530, محمد عبد الحميد عثمان حمد عبد الرحيم حمد عبد الرحميد
531, عمر محمد عبد الحميد حمد حمد عثمان حمد
532, محمد عبد الحميد حمد عبد الرحيم حمد عثمان حمد
533, علي محمد عبد الرحمن حمد عثمان حمد عبد الرحمان
534, محمد عبد الحميد حسني عبد الرحميد حمد حمزة
535, حسن محمد عبد الرحمن حمد عثمان حمد عبد الحميد
536, محمد عبد الحميد عثمان حمد عبد الرحميد حمد عثمان
537, عمر محمد عبد الحميد حمد عثمان حمد عبد الرحميد
538, محمد عبد الحميد حمد عبد الرحمان حمد عبد الرحيم
539, علي محمد عبد الرحمن حمد عثمان حمد عثمان
540, محمد عبد الحميد حسني عبد الرحميد حمد عبد الرحميد
541, حسن محمد عبد الرحمن حمد حمد عثمان حمد عبد الحميد
542, محمد عبد الحميد عثمان حمد عبد الرحميد حمد عبد الرحمان
543, عمر محمد عبد الحميد حمد عثمان حمد حمد
544, محمد عبد الحميد حمد عبد الرحميد عثمان حمد عثمان
545, علي محمد عبد الرحمن حمد عثمان حمد حمد
546, محمد عبد الحميد حسني عبد الرحميد حمد عثمان حمد
547, حسن محمد عبد الرحمن حمد عبد الرحيم حمد عثمان
548, محمد عبد الحميد عثمان حمد حمد عثمان عبد الرحميد
549, عمر محمد عبد الحميد حمد حمد عثمان حمد عثمان
550, محمد عبد الحميد حمد عبد الرحيم حمد عثمان حمد عبد الرحمان
551, علي محمد عبد الرحمن حمد عبد الرحمان حمد عثمان
552, محمد عبد الحميد حسني عبد الرحميد حمد حمد عثمان
553, حسن محمد عبد الرحمن حمد عثمان حمد عبد الحميد
554, محمد عبد الحميد عثمان حمد عبد الرحميد حمد حمد
555, عمر محمد عبد الحميد حمد عثمان حمد عثمان عبد الرحيم
556, محمد عبد الحميد حمد عثمان حمد عثمان حمد عبد الرحميد
557, علي محمد عبد الرحمن حمد حمد عثمان حمد عبد الرحيم
558, محمد عبد الحميد حسني عبد الرحميد حمد عبد الرحيم
559, حسن محمد عبد الرحمن حمد عثمان حمد عثمان حمد
560, محمد عبد الحميد عثمان حمد حمد عثمان حمد عبد الرحمان
561, عمر محمد عبد الحميد حمد عثمان حمد عثمان
562, محمد عبد الحميد سمعان
